id,text,category
1,"The striker missed a crucial penalty kick in the championship game.",Sport
2,"The team celebrated their unexpected victory in the locker room.",Sport
3,"She broke the national record in the 400-meter freestyle swimming event.",Sport
4,"Fans rushed the field after the dramatic overtime win.",Sport
5,"The coach was ejected for arguing a call with the umpire.",Sport
6,"Olympic qualifiers are scheduled to begin early next year.",Sport
7,"The boxer maintained an undefeated streak throughout the tournament.",Sport
8,"Injuries forced the star player to sit out the entire second half.",Sport
9,"They launched a new league to promote women's professional soccer.",Sport
10,"The stadium underwent a massive renovation before the season opener.",Sport
11,"Cycling enthusiasts followed the mountain stage through the Alps.",Sport
12,"The golfer sank a difficult twenty-foot putt on the final hole.",Sport
13,"Basketball analytics showed a high probability of a three-point shot.",Sport
14,"A doping scandal overshadowed the international track and field competition.",Sport
15,"The crew rowed with synchronized precision to win the regatta.",Sport
16,"The defensive line struggled to contain the opposing team's running back.",Sport
17,"The marathon runner collapsed just short of the finish line.",Sport
18,"Ticket sales for the final series hit record high numbers.",Sport
19,"The new baseball pitch clock sped up the average game time significantly.",Sport
20,"Gymnastics judges awarded her a perfect score of ten.",Sport
21,"The rookie pitcher threw a no-hitter in only his third major league start.",Sport
22,"A new financial Fair Play rule will limit club spending next season.",Sport
23,"The captain hoisted the trophy to a roar of applause from the crowd.",Sport
24,"Skiing conditions were perfect after a fresh layer of powder fell overnight.",Sport
25,"The hockey team won the sudden-death shootout in the fifth round.",Sport
26,"Sponsorship deals for eSports teams are now rivaling traditional sports.",Sport
27,"Tennis officials reviewed the line call using Hawk-Eye technology.",Sport
28,"He retired from professional wrestling after a career spanning two decades.",Sport
29,"The equestrian rider completed a flawless show jumping course.",Sport
30,"Fans debated the trade that sent the veteran point guard to a rival team.",Sport
31,"The new training facility includes an advanced altitude chamber.",Sport
32,"Surfing competitions were postponed due to dangerous wave swells.",Sport
33,"The heptathlete demonstrated strength across all seven disciplines.",Sport
34,"A documentary chronicled the rise of the underdog team.",Sport
35,"Security was tightened following minor disturbances in the stands.",Sport
36,"The sports psychologist helped the athlete overcome performance anxiety.",Sport
37,"The commentator provided play-by-play analysis of the intense match.",Sport
38,"Fantasy leagues saw major upsets this week due to unexpected player performances.",Sport
39,"The extreme sports park features a massive vertical ramp.",Sport
40,"She dedicated her gold medal victory to her late grandfather.",Sport
41,"The championship venue was relocated due to infrastructure issues.",Sport
42,"The veteran defender announced his retirement at the end of the season.",Sport
43,"New biometric sensors are being integrated into athlete uniforms.",Sport
44,"The rugby team executed a perfect scrum, driving their opponents back.",Sport
45,"The world's number one ranked chess player defended his title.",Sport
46,"Coaching changes are expected after a string of poor results.",Sport
47,"The governing body ratified the controversial rule changes.",Sport
48,"He completed the ultra-marathon, running over 100 kilometers.",Sport
49,"The media questioned the team's commitment during the press conference.",Sport
50,"The cheerleading squad energized the crowd with their complex routine.",Sport
51,"The cycling team's strategy involved a late breakaway on the final climb.",Sport
52,"The field hockey goalie made several spectacular saves.",Sport
53,"The grandstands were packed despite the pouring rain.",Sport
54,"She earned a full scholarship for her skills in collegiate volleyball.",Sport
55,"The weightlifter set a new personal best in the clean and jerk.",Sport
56,"The rivalry between the two local clubs intensified with the cup final approaching.",Sport
57,"Sportsmanship was highlighted when one player helped an injured opponent.",Sport
58,"The water polo team dominated their rivals with a strong offensive strategy.",Sport
59,"The official investigation found no evidence of match-fixing.",Sport
60,"The sprinter pulled a hamstring in the final moments of the dash.",Sport
61,"Fans held a parade to celebrate the team's championship win.",Sport
62,"The baseball team signed a high-value contract with a promising young star.",Sport
63,"The new golf course design incorporates several challenging water hazards.",Sport
64,"The figure skater executed a triple axel flawlessly.",Sport
65,"The fencing match was decided by a single, sudden-death touch.",Sport
66,"Youth sports participation rates have seen a significant increase this year.",Sport
67,"The commentator apologized for his biased remarks during the broadcast.",Sport
68,"The jockey skillfully navigated his horse to victory in the photo finish.",Sport
69,"The basketball team adopted a new zone defense strategy.",Sport
70,"The climbing team reached the summit after a grueling four-day ascent.",Sport
71,"The stadium lighting system was upgraded to high-efficiency LED panels.",Sport
72,"She transitioned from gymnastics to professional diving with success.",Sport
73,"The cricket match was delayed for hours due to heavy rain.",Sport
74,"The team's success is attributed to their rigorous off-season training regimen.",Sport
75,"The swimming pool depth was adjusted for the synchronized swimming event.",Sport
76,"The wrestler used a complicated submission hold to win the match.",Sport
77,"A petition was launched to rename the local sports arena.",Sport
78,"The biathlete combined precision shooting with cross-country endurance.",Sport
79,"The league commissioner announced plans for expansion into new cities.",Sport
80,"He became the first player from his country to join the foreign professional team.",Sport
81,"The curling team swept their way to an unexpected gold medal.",Sport
82,"The sports documentary won an award for its cinematography.",Sport
83,"The athlete's diet focuses on high protein and complex carbohydrates.",Sport
84,"The grand prix race was decided on the final lap by a narrow margin.",Sport
85,"The governing body revised the rules regarding helmet safety.",Sport
86,"The archer hit the bullseye with his final shot under immense pressure.",Sport
87,"Sales of team merchandise spiked immediately after the playoff victory.",Sport
88,"The track surface was resurfaced to allow for faster sprint times.",Sport
89,"A specialized recovery center opened for injured professional athletes.",Sport
90,"The synchronized swimmers performed a difficult routine set to classical music.",Sport
91,"The basketball player scored a career-high 50 points in a single game.",Sport
92,"The baseball team's mascot performed a backflip off the dugout.",Sport
93,"The high jumper cleared the bar on his final attempt to win gold.",Sport
94,"The new coach emphasized the importance of teamwork and discipline.",Sport
95,"The annual draft lottery determined the order of player selections.",Sport
96,"The sailing crew adjusted the sails to catch the shifting winds.",Sport
97,"The sports reporter broke the news about the impending player trade.",Sport
98,"A charity exhibition match raised funds for a local children's hospital.",Sport
99,"The veteran player offered words of encouragement to the rookies.",Sport
100,"The stadium security used a drone to monitor the large crowd.",Sport
101,"The new legislation was passed by a narrow margin in the Senate.",Politics
102,"The president delivered a primetime address on foreign policy.",Politics
103,"Voter turnout reached an all-time high in the recent national election.",Politics
104,"The opposition party staged a walkout during the budget debate.",Politics
105,"Negotiations between the two nations reached an unexpected stalemate.",Politics
106,"The diplomat was recalled after a controversy surrounding a leaked memo.",Politics
107,"A grassroots movement is pushing for local government reform.",Politics
108,"The committee held a public hearing on climate change regulations.",Politics
109,"The candidate toured three swing states in a single, grueling day.",Politics
110,"Concerns were raised about the transparency of campaign financing.",Politics
111,"The parliament voted to impeach the minister accused of corruption.",Politics
112,"The Supreme Court is expected to rule on the landmark case next month.",Politics
113,"Political analysts debated the long-term impact of the trade tariffs.",Politics
114,"A coalition government was formed after weeks of intensive talks.",Politics
115,"The mayor announced a new initiative to combat urban sprawl.",Politics
116,"The treaty signing marked a significant step towards international peace.",Politics
117,"Lobbyists are pushing aggressively for deregulation in the energy sector.",Politics
118,"The former head of state published his controversial memoir.",Politics
119,"Protestors gathered outside the capitol building demanding action.",Politics
120,"The politician utilized social media to directly engage with constituents.",Politics
121,"The national security advisor briefed the cabinet on global threats.",Politics
122,"A referendum on electoral reform will be held in the autumn.",Politics
123,"Critics argued the new tax policy unfairly targets the middle class.",Politics
124,"The governing party lost its majority in the snap election.",Politics
125,"Diplomatic immunity was invoked in the international incident.",Politics
126,"The senator proposed an amendment to the education bill.",Politics
127,"The foreign minister met with his counterpart to discuss border security.",Politics
128,"A constitutional crisis was averted by a last-minute compromise.",Politics
129,"The campaign promise focused on job creation and infrastructure spending.",Politics
130,"The political pundit predicted a shift in the ideological landscape.",Politics
131,"The legislature approved the emergency funding for disaster relief.",Politics
132,"The speech emphasized unity and cooperation across party lines.",Politics
133,"The think tank released a detailed report on poverty reduction strategies.",Politics
134,"The ambassador presented her credentials to the host country's leader.",Politics
135,"Midterm elections are often seen as a reflection of the president's popularity.",Politics
136,"The political action committee raised millions for the upcoming race.",Politics
137,"The civil rights movement achieved a major victory in the court ruling.",Politics
138,"A bipartisan effort led to the passage of the complex reform bill.",Politics
139,"The governor declared a state of emergency due to the severe weather.",Politics
140,"The press secretary addressed the media's inquiries about the ongoing investigation.",Politics
141,"The candidate's town hall meeting attracted a large, engaged audience.",Politics
142,"The public opinion poll showed a decline in approval ratings.",Politics
143,"International sanctions were imposed on the rogue state.",Politics
144,"The political cartoonist satirized the recent government scandal.",Politics
145,"The debate focused heavily on the affordability of prescription drugs.",Politics
146,"The newly elected official promised to fulfill all campaign pledges.",Politics
147,"The parliament dissolved itself, triggering an immediate general election.",Politics
148,"Security forces were deployed to manage the large-scale public demonstration.",Politics
149,"The politician delivered a fiery speech criticizing the incumbent's record.",Politics
150,"A commission was established to investigate ethical violations.",Politics
151,"The city council voted to approve the controversial rezoning plan.",Politics
152,"The trade agreement aims to lower tariffs between participating nations.",Politics
153,"The opposition leader called for a vote of no confidence.",Politics
154,"The former president offered advice on navigating the current political climate.",Politics
155,"The bill included a rider that sparked intense debate among legislators.",Politics
156,"The nation celebrated its Independence Day with a military parade.",Politics
157,"The court ordered a recount of the ballots in the disputed district.",Politics
158,"The political party revised its manifesto to include environmental protection.",Politics
159,"Voter registration drives targeted young adults across the country.",Politics
160,"The prime minister faced a challenging question time session.",Politics
161,"The peacekeepers monitored the fragile ceasefire in the war-torn region.",Politics
162,"The white paper outlined the government's strategy for economic growth.",Politics
163,"A filibuster was employed to block the passage of the controversial bill.",Politics
164,"The incumbent's re-election campaign focused on stability and experience.",Politics
165,"The political advertisement was criticized for containing misleading information.",Politics
166,"The international body condemned the human rights violations.",Politics
167,"The finance minister presented the annual national budget forecast.",Politics
168,"The state department issued a travel advisory for the region.",Politics
169,"The political dynasty maintained its power through several generations.",Politics
170,"The resolution called for immediate humanitarian aid to the affected area.",Politics
171,"The policy change is expected to affect millions of citizens.",Politics
172,"The journalist exposed a widespread government surveillance program.",Politics
173,"The parliamentarians engaged in a respectful but passionate debate.",Politics
174,"The public service announcement encouraged citizens to exercise their right to vote.",Politics
175,"The cabinet reshuffle resulted in several new ministerial appointments.",Politics
176,"The political strategist mapped out a winning electoral college path.",Politics
177,"The defense secretary discussed the modernization of the armed forces.",Politics
178,"The grassroots petition successfully forced a review of the local ordinance.",Politics
179,"The legislative session ended late into the night with last-minute deals.",Politics
180,"The political scientist analyzed the historical trends of voter behavior.",Politics
181,"The election was certified after weeks of meticulous verification.",Politics
182,"The leader utilized a veto to block the proposed tax increase.",Politics
183,"The ministry released a comprehensive report on national infrastructure needs.",Politics
184,"The president's job approval rating soared following the international summit.",Politics
185,"The political satire show mocked the bureaucratic inefficiency.",Politics
186,"The public prosecutor launched an investigation into campaign finance violations.",Politics
187,"The new cabinet members were sworn in during a formal ceremony.",Politics
188,"The politician faced intense scrutiny during the televised interview.",Politics
189,"The party convention nominated their presidential and vice-presidential candidates.",Politics
190,"The diplomat worked tirelessly to mediate the ongoing territorial dispute.",Politics
191,"The civil service announced a major overhaul of government procedures.",Politics
192,"The political novice surprised everyone by winning the primary election.",Politics
193,"The opposition proposed a shadow budget contrasting the government's plan.",Politics
194,"The official residence of the prime minister was under heavy security.",Politics
195,"The speechwriters carefully crafted the message for the State of the Union address.",Politics
196,"The national assembly debated the future of fossil fuel subsidies.",Politics
197,"The political debate focused on economic inequality and wealth distribution.",Politics
198,"The political landscape was dramatically altered by the unexpected resignation.",Politics
199,"The human rights watchdog published its annual report on global freedoms.",Politics
200,"The candidate's bus tour stopped in small towns across the critical region.",Politics
201,"Artificial intelligence is rapidly transforming the digital marketing landscape.",Tech
202,"The new smartphone features a groundbreaking foldable OLED display.",Tech
203,"Cybersecurity experts warned of a zero-day exploit targeting critical infrastructure.",Tech
204,"Engineers successfully tested the prototype for a reusable space launch system.",Tech
205,"Blockchain technology offers a decentralized and immutable ledger for transactions.",Tech
206,"The software update introduced several user interface improvements and bug fixes.",Tech
207,"Virtual Reality headsets are becoming more affordable for mainstream consumers.",Tech
208,"Researchers developed a sustainable battery with a significantly longer lifespan.",Tech
209,"The cloud computing market saw unprecedented growth this past fiscal quarter.",Tech
210,"Machine learning algorithms are now used to personalize online shopping recommendations.",Tech
211,"The tech company announced a major shift to fully remote work for all employees.",Tech
212,"5G network deployment is accelerating, promising faster mobile internet speeds.",Tech
213,"A quantum computer achieved a new milestone in complex calculation speed.",Tech
214,"Ethical concerns were raised over the use of facial recognition technology in public spaces.",Tech
215,"The developer released an open-source tool for real-time data visualization.",Tech
216,"Augmented Reality overlays are being used to enhance industrial maintenance tasks.",Tech
217,"The new programming language is designed for concurrent and parallel processing.",Tech
218,"A massive denial-of-service attack temporarily disabled several major websites.",Tech
219,"Scientists utilized advanced robotics to explore deep-sea hydrothermal vents.",Tech
220,"The Internet of Things (IoT) is connecting household appliances to the network.",Tech
221,"The start-up secured venture capital funding for its biomedical sensor technology.",Tech
222,"Big Data analysis revealed unexpected consumer behavior patterns in the holiday season.",Tech
223,"A flaw in the encryption protocol allowed hackers to access sensitive user data.",Tech
224,"Bioprinting technology is progressing toward creating functional human organs.",Tech
225,"The social media platform implemented stricter rules against misinformation.",Tech
226,"Autonomous vehicles are undergoing rigorous testing on public roads.",Tech
227,"The graphic processing unit (GPU) shortage is impacting the availability of consumer electronics.",Tech
228,"New regulations aim to curb monopolistic practices by dominant technology firms.",Tech
229,"Neural networks power the language models used in advanced translation software.",Tech
230,"The space telescope captured stunning new images of a distant exoplanet.",Tech
231,"A new generation of microchips promises significant improvements in power efficiency.",Tech
232,"The company's digital transformation strategy involves migrating all data to the cloud.",Tech
233,"The hacker group claimed responsibility for the recent high-profile ransomware attack.",Tech
234,"Developers debated the merits of functional versus object-oriented programming paradigms.",Tech
235,"Wearable technology now monitors heart rate, sleep cycles, and blood oxygen levels.",Tech
236,"The software company switched its business model to a subscription-based service.",Tech
237,"Geospatial technology is used to map deforestation in remote rainforest areas.",Tech
238,"The new console features backwards compatibility with previous generation games.",Tech
239,"Researchers are exploring the use of nanotechnology in drug delivery systems.",Tech
240,"The video streaming service announced a plan to produce exclusive 8K content.",Tech
241,"A digital twin of the factory floor helps optimize manufacturing processes.",Tech
242,"The search engine updated its algorithm to prioritize user experience and relevance.",Tech
243,"The security patch addressed a critical vulnerability in the operating system.",Tech
244,"Cryptocurrency mining consumes a significant amount of electrical energy.",Tech
245,"Telemedicine platforms expanded rapidly in response to the global health crisis.",Tech
246,"The robotics team won the international competition with their innovative design.",Tech
247,"Fiber optic cables provide ultra-high-speed internet access to urban centers.",Tech
248,"The virtual assistant learned to anticipate user needs based on past behavior.",Tech
249,"Computer vision is enabling automated quality control in assembly lines.",Tech
250,"The electric vehicle battery charging time was reduced significantly with new technology.",Tech
251,"A new satellite constellation is being deployed to provide global internet coverage.",Tech
252,"The programming bootcamp guarantees job placement for its graduates.",Tech
253,"The digital art piece was sold as a non-fungible token (NFT) for millions.",Tech
254,"The privacy policy update requires users to consent to data collection practices.",Tech
255,"The tech giant invested heavily in developing a powerful new semiconductor fabrication plant.",Tech
256,"Haptic feedback technology is making virtual interactions feel more realistic.",Tech
257,"Developers are exploring serverless architecture to reduce hosting costs.",Tech
258,"The company launched a bug bounty program to encourage external security audits.",Tech
259,"Speech recognition software achieved near-human accuracy in noisy environments.",Tech
260,"A new standard for USB connectivity promises faster data transfer rates.",Tech
261,"The aerospace firm tested a drone capable of long-duration atmospheric flights.",Tech
262,"Machine-to-machine communication is automating supply chain logistics.",Tech
263,"The new operating system focuses on improved security and battery life.",Tech
264,"Deepfake technology poses a growing threat to media authenticity.",Tech
265,"The tech incubator provided resources for ten promising early-stage companies.",Tech
266,"A major outage highlighted the fragility of centralized web services.",Tech
267,"The data center uses advanced cooling systems to maintain optimal server temperatures.",Tech
268,"Personal genomics services offer insights into ancestry and health risks.",Tech
269,"The game engine's latest version supports ray tracing for realistic lighting effects.",Tech
270,"Developers used a version control system to manage collaborative code changes.",Tech
271,"The smart home security system integrates with voice-activated assistants.",Tech
272,"The telecommunications provider expanded its broadband coverage to rural areas.",Tech
273,"The company faced a lawsuit over patent infringement of a key software feature.",Tech
274,"A decentralized autonomous organization (DAO) manages the project's treasury.",Tech
275,"Computational fluid dynamics were used to design the high-efficiency wind turbine.",Tech
276,"The tech journalist broke the story on the unreleased flagship device.",Tech
277,"New sensor technology allows for non-invasive blood glucose monitoring.",Tech
278,"The algorithm flagged several transactions as potentially fraudulent activity.",Tech
279,"Educational technology platforms saw a surge in enrollment during the pandemic.",Tech
280,"The virtual reality tour allows users to explore historical sites remotely.",Tech
281,"The firmware update fixed several stability issues reported by early adopters.",Tech
282,"Developers are migrating applications from monolithic to microservices architecture.",Tech
283,"The new security camera uses AI to differentiate between pets and intruders.",Tech
284,"The tech giant announced a multi-billion dollar investment in renewable energy projects.",Tech
285,"The new electronic textbook includes interactive diagrams and video explanations.",Tech
286,"The distributed ledger technology is being tested for transparent voting systems.",Tech
287,"The computer system was protected by two-factor authentication for enhanced security.",Tech
288,"The cloud service offers scalable storage solutions for massive datasets.",Tech
289,"The mobile app uses geolocation to recommend nearby points of interest.",Tech
290,"A major vulnerability was discovered in a widely used third-party library.",Tech
291,"The new video compression standard significantly reduces file sizes without losing quality.",Tech
292,"The robotics arm can precisely perform delicate surgical procedures.",Tech
293,"The company is transitioning its legacy systems to a modern, integrated platform.",Tech
294,"Environmental sensors monitor air and water quality in real-time across the city.",Tech
295,"The open-source community collaborated on building the next version of the operating system.",Tech
296,"The tech wearable tracks the user's fitness goals and offers personalized coaching.",Tech
297,"A satellite image processing firm launched a new service for crop yield forecasting.",Tech
298,"Cryptographers debated the security implications of post-quantum encryption.",Tech
299,"The development team adopted an Agile methodology for faster product iterations.",Tech
300,"The new laptop is advertised as the thinnest and lightest model ever produced.",Tech